Prediction,Label,Age_Group,Gender
1,2,70+,male
2,2,70+,male
2,2,55–70,female
2,2,55–70,female
2,2,55–70,male
4,2,55–70,male
4,2,70+,male
2,2,70+,female
2,2,70+,female
1,2,70+,female
4,2,40–55,male
4,2,40–55,male
4,2,40–55,male
2,2,70+,female
2,2,70+,female
4,4,55–70,male
2,2,55–70,male
4,2,55–70,male
4,2,55–70,female
4,2,55–70,female
2,2,55–70,male
2,2,70+,female
2,2,70+,female
2,2,55–70,male
0,2,55–70,male
2,2,25-40,female
2,2,25-40,female
2,2,55–70,female
5,2,55–70,female
2,2,40–55,male
4,2,40–55,male
4,2,40–55,male
5,2,40–55,male
2,2,40–55,male
2,2,40–55,male
2,2,40–55,female
2,2,40–55,female
2,2,70+,female
2,2,70+,female
4,2,40–55,female
2,2,40–55,female
2,2,40–55,female
2,2,70+,male
2,2,70+,male
5,2,55–70,female
5,2,55–70,female
5,2,55–70,female
5,2,70+,male
5,2,70+,male
4,2,25-40,female
4,2,25-40,female
2,2,25-40,female
4,2,25-40,female
2,2,70+,male
2,2,70+,male
2,2,70+,male
4,2,70+,male
4,2,70+,male
2,2,55–70,male
2,2,55–70,male
4,2,55–70,male
2,2,55–70,male
5,2,55–70,male
5,2,55–70,male
2,2,55–70,female
4,2,55–70,female
4,2,55–70,female
2,2,70+,male
2,2,25-40,male
2,2,55–70,male
2,2,40–55,female
4,2,55–70,male
2,2,55–70,female
4,2,55–70,male
2,2,55–70,male
2,2,55–70,male
2,2,70+,male
2,2,55–70,female
5,2,55–70,female
1,2,40–55,female
5,2,25-40,female
2,2,55–70,female
5,2,55–70,female
2,2,55–70,male
2,2,70+,female
1,2,55–70,male
0,2,55–70,male
2,2,55–70,male
4,2,40–55,male
2,2,55–70,female
2,2,55–70,female
2,2,55–70,male
1,2,55–70,male
5,2,70+,male
2,2,55–70,female
2,2,55–70,male
4,2,40–55,male
2,2,55–70,male
2,2,55–70,male
2,2,55–70,male
4,2,40–55,male
4,2,40–55,male
2,2,55–70,male
0,2,55–70,male
4,2,70+,male
0,2,70+,female
0,2,70+,female
2,2,55–70,female
5,2,70+,male
5,2,70+,male
5,2,70+,male
2,2,55–70,female
1,2,55–70,male
4,2,55–70,male
1,2,40–55,male
5,2,70+,male
5,2,70+,male
1,2,40–55,female
5,2,70+,male
5,2,55–70,female
1,2,55–70,male
1,2,55–70,male
4,2,55–70,female
4,2,55–70,female
4,2,55–70,female
2,2,55–70,male
1,2,55–70,male
4,2,55–70,female
2,2,25-40,female
2,2,70+,female
2,2,40–55,male
2,2,70+,male
2,2,40–55,male
1,2,55–70,male
2,2,55–70,male
5,2,55–70,female
2,2,55–70,male
2,2,40–55,female
1,2,40–55,male
2,2,25-40,male
2,2,25-40,male
1,2,25-40,male
1,2,25-40,male
1,2,70+,male
1,2,70+,male
4,2,40–55,male
2,2,55–70,male
2,2,55–70,male
2,2,55–70,male
1,2,55–70,male
2,2,55–70,male
1,2,55–70,male
1,2,55–70,male
0,2,55–70,female
4,2,70+,male
2,2,55–70,female
0,2,70+,male
0,2,55–70,female
0,2,55–70,female
5,2,55–70,male
5,2,40–55,female
2,2,55–70,male
4,2,70+,male
0,2,70+,male
2,2,55–70,male
2,2,70+,male
4,2,55–70,female
4,2,55–70,female
2,2,70+,male
2,2,70+,female
2,2,55–70,female
1,2,55–70,female
2,2,70+,female
5,2,70+,female
2,2,70+,female
2,2,70+,female
2,2,40–55,female
2,2,40–55,female
2,2,40–55,female
2,2,40–55,female
2,2,40–55,female
2,2,40–55,female
2,2,55–70,male
2,2,25-40,female
2,2,25-40,female
2,2,25-40,female
2,2,25-40,female
2,2,40–55,male
4,2,40–55,male
2,2,40–55,female
2,2,40–55,female
5,2,55–70,female
4,2,55–70,female
2,2,55–70,female
2,2,55–70,female
2,2,40–55,male
2,2,70+,male
2,2,70+,male
2,2,40–55,male
2,2,40–55,male
2,2,70+,female
2,2,70+,male
4,2,40–55,male
5,2,40–55,male
5,2,40–55,female
5,2,40–55,female
2,2,70+,male
2,2,70+,male
4,2,55–70,female
4,2,55–70,female
4,2,55–70,female
2,2,55–70,female
2,2,55–70,female
2,2,55–70,male
2,2,55–70,female
2,2,40–55,male
2,2,40–55,male
4,2,40–55,male
2,2,70+,male
2,2,55–70,male
4,2,55–70,male
2,2,55–70,male
4,2,70+,male
2,2,70+,male
4,2,40–55,female
4,2,40–55,male
2,2,40–55,male
2,2,40–55,male
4,2,70+,male
2,2,70+,female
2,2,70+,female
2,2,55–70,female
4,2,55–70,female
2,2,55–70,female
4,2,55–70,female
5,3,40–55,male
3,3,40–55,male
5,3,40–55,male
5,3,70+,male
4,3,70+,male
1,3,25-40,male
4,3,55–70,male
2,3,55–70,male
2,3,55–70,male
0,3,55–70,male
0,3,40–55,male
3,3,55–70,male
4,3,25-40,female
3,3,25-40,female
3,3,25-40,female
4,3,40–55,male
4,3,40–55,male
4,3,40–55,male
3,3,55–70,female
3,3,40–55,female
3,3,40–55,female
3,3,25-40,female
3,3,25-40,female
4,5,25-40,female
4,5,25-40,female
5,5,40–55,male
5,5,40–55,male
4,5,55–70,female
4,5,55–70,female
4,5,70+,male
4,5,70+,male
5,5,55–70,male
5,5,55–70,male
1,5,70+,female
5,5,70+,female
4,5,40–55,male
4,5,40–55,male
4,5,40–55,male
4,5,40–55,male
5,5,55–70,male
2,5,55–70,male
5,5,55–70,male
4,5,40–55,male
4,5,40–55,male
4,5,40–55,male
5,5,25-40,female
5,5,25-40,female
5,5,70+,male
4,5,25-40,female
4,5,25-40,female
5,5,55–70,male
5,5,55–70,male
5,5,25-40,female
5,5,70+,male
5,5,70+,male
6,5,55–70,male
5,5,55–70,female
5,5,55–70,female
4,5,40–55,female
4,5,40–55,female
4,5,40–55,female
4,5,40–55,female
5,5,40–55,female
4,5,55–70,male
0,5,70+,male
5,5,70+,male
4,5,70+,male
4,5,70+,male
4,5,25-40,male
2,5,40–55,female
4,5,55–70,male
4,5,55–70,male
5,5,70+,male
5,5,40–55,female
5,5,40–55,female
5,5,40–55,female
4,5,55–70,male
2,5,55–70,female
4,5,70+,male
4,5,70+,male
5,5,70+,male
4,5,70+,male
4,5,55–70,female
1,5,55–70,male
1,5,55–70,male
1,5,55–70,male
5,5,25-40,female
5,5,25-40,female
4,5,40–55,male
4,5,40–55,male
5,5,40–55,male
5,5,40–55,female
5,5,40–55,female
4,5,40–55,female
5,5,55–70,male
5,5,55–70,male
5,5,25-40,male
4,5,25-40,male
5,5,70+,male
4,5,40–55,male
4,5,40–55,male
4,5,40–55,male
5,5,70+,male
5,5,70+,male
5,5,55–70,male
4,5,55–70,male
5,5,55–70,male
1,5,70+,male
5,5,40–55,male
5,5,70+,male
5,5,70+,male
5,5,70+,male
5,5,70+,male
5,5,55–70,female
5,5,55–70,male
4,5,40–55,male
4,5,40–55,female
5,5,40–55,male
5,5,40–55,male
5,5,40–55,male
4,5,40–55,male
5,5,40–55,male
4,5,40–55,male
4,5,40–55,male
4,5,40–55,male
4,5,25-40,female
4,5,25-40,female
4,5,25-40,female
4,5,40–55,female
4,5,40–55,female
5,5,55–70,male
5,5,55–70,male
5,5,70+,male
5,5,70+,male
5,5,70+,male
5,5,70+,male
5,5,70+,female
5,5,70+,female
5,5,40–55,female
5,5,40–55,female
4,5,55–70,male
4,5,55–70,male
4,5,55–70,male
4,5,70+,female
5,5,70+,female
2,5,40–55,male
4,5,40–55,male
2,5,40–55,male
5,5,70+,male
5,5,70+,male
4,5,40–55,male
4,5,40–55,male
4,5,40–55,female
5,5,55–70,female
5,5,55–70,female
1,5,40–55,female
4,5,40–55,female
5,5,40–55,male
5,5,40–55,male
5,5,55–70,male
2,5,70+,male
0,5,70+,male
4,5,40–55,female
4,5,40–55,female
4,5,55–70,female
5,5,55–70,female
5,5,55–70,female
5,5,55–70,male
4,5,55–70,male
4,5,55–70,male
5,5,40–55,male
5,5,40–55,male
4,5,55–70,female
5,5,40–55,female
6,5,40–55,female
6,5,40–55,female
4,5,40–55,female
4,5,40–55,female
5,5,40–55,male
4,5,40–55,male
4,5,40–55,male
4,5,55–70,male
4,5,70+,male
4,5,25-40,male
4,5,25-40,female
4,5,55–70,male
4,5,40–55,male
4,5,70+,male
4,5,40–55,male
5,5,55–70,male
4,5,70+,female
2,5,70+,female
5,5,70+,female
5,5,55–70,female
2,5,55–70,male
5,5,25-40,female
5,5,40–55,female
5,5,40–55,male
5,5,40–55,male
5,5,55–70,male
5,5,55–70,male
4,5,55–70,male
5,5,55–70,male
5,5,55–70,male
5,5,40–55,male
1,5,55–70,male
5,5,55–70,male
0,5,55–70,male
4,5,70+,female
4,5,70+,female
0,5,55–70,male
5,5,40–55,female
5,5,40–55,female
5,5,55–70,male
4,5,55–70,female
5,5,55–70,male
0,5,55–70,male
5,5,55–70,female
4,5,55–70,female
5,5,55–70,female
2,5,55–70,male
4,5,55–70,male
5,5,55–70,male
5,5,55–70,male
5,5,55–70,male
0,5,70+,female
5,5,40–55,male
5,5,25-40,female
5,5,55–70,male
5,5,55–70,male
5,5,55–70,male
4,5,55–70,female
4,5,70+,male
4,5,40–55,female
4,5,40–55,female
4,5,70+,male
5,5,70+,male
4,5,55–70,male
5,5,40–55,male
4,5,25-40,female
4,5,70+,male
5,5,70+,male
3,5,70+,male
5,5,70+,male
5,5,55–70,female
5,5,40–55,male
5,5,40–55,male
5,5,40–55,female
2,5,70+,male
5,5,55–70,male
6,6,0–25,male
6,6,0–25,male
4,6,0–25,male
4,6,0–25,male
4,6,55–70,female
6,6,55–70,female
1,6,40–55,female
6,6,25-40,female
6,6,25-40,female
6,6,25-40,female
6,6,25-40,male
6,6,0–25,female
6,6,0–25,female
6,6,55–70,female
1,6,55–70,female
6,6,55–70,female
6,6,55–70,female
6,6,55–70,female
6,6,40–55,male
6,6,40–55,female
6,6,0–25,male
6,6,40–55,female
4,6,70+,male
6,6,55–70,female
6,6,55–70,female
6,6,25-40,female
6,6,25-40,female
6,6,70+,male
6,6,40–55,male
4,1,40–55,male
4,1,40–55,male
1,1,70+,male
1,1,70+,male
1,1,70+,female
1,1,70+,female
1,1,70+,male
1,1,40–55,female
4,1,40–55,female
3,1,70+,female
1,1,70+,female
1,1,55–70,male
1,1,55–70,male
4,1,70+,female
1,1,70+,male
1,1,70+,male
2,1,55–70,male
1,1,55–70,male
1,1,55–70,male
1,1,55–70,female
1,1,55–70,female
1,1,55–70,male
2,1,55–70,male
1,1,70+,male
1,1,70+,male
1,1,70+,male
1,1,0–25,female
1,1,55–70,male
1,1,55–70,male
1,1,55–70,male
1,1,55–70,male
5,1,55–70,male
1,1,55–70,male
1,1,55–70,male
0,1,55–70,male
1,1,55–70,male
1,1,55–70,male
1,1,40–55,female
1,1,40–55,female
1,1,55–70,male
1,1,55–70,male
1,1,55–70,male
2,1,25-40,female
5,1,25-40,female
4,1,55–70,male
4,1,55–70,male
2,1,55–70,male
2,1,55–70,male
1,1,55–70,male
5,1,70+,male
4,1,55–70,male
0,1,55–70,male
1,1,40–55,male
1,1,70+,male
1,1,70+,male
1,1,55–70,male
4,1,55–70,male
1,1,55–70,male
1,1,55–70,male
1,1,55–70,male
1,1,55–70,male
1,1,55–70,female
1,1,55–70,female
1,1,55–70,male
1,1,70+,male
4,1,70+,female
2,1,70+,male
0,1,70+,male
1,1,40–55,male
1,1,70+,male
1,1,70+,male
1,1,70+,male
1,1,40–55,male
1,1,70+,male
4,1,55–70,female
1,1,70+,male
1,1,70+,male
1,1,70+,female
1,1,70+,male
1,1,70+,male
1,1,70+,male
0,1,70+,male
1,1,70+,male
1,1,70+,male
1,1,70+,male
2,1,70+,male
1,1,40–55,male
1,1,40–55,male
1,1,55–70,male
1,1,55–70,male
4,1,70+,male
0,1,70+,female
1,1,55–70,female
1,1,55–70,male
4,1,40–55,male
0,1,70+,female
1,1,70+,female
1,1,70+,female
1,1,55–70,female
1,1,70+,female
1,1,55–70,female
1,1,55–70,male
4,4,40–55,female
4,4,40–55,female
4,4,40–55,female
4,4,40–55,female
4,4,40–55,female
4,4,40–55,female
4,4,40–55,female
4,4,40–55,male
4,4,40–55,male
4,4,40–55,male
4,4,40–55,male
4,4,40–55,male
4,4,40–55,male
4,4,40–55,male
4,4,40–55,male
4,4,40–55,male
4,4,40–55,male
4,4,40–55,male
4,4,40–55,male
4,4,40–55,male
4,4,40–55,male
4,4,40–55,male
4,4,40–55,male
4,4,40–55,male
2,4,40–55,female
4,4,40–55,female
4,4,70+,male
4,4,70+,male
4,4,40–55,female
4,4,40–55,female
4,4,40–55,female
4,4,55–70,female
4,4,40–55,female
4,4,40–55,female
4,4,40–55,female
4,4,40–55,female
4,4,40–55,female
4,4,40–55,female
4,4,25-40,male
4,4,55–70,male
4,4,40–55,female
4,4,40–55,female
4,4,40–55,female
4,4,40–55,female
4,4,40–55,female
4,4,40–55,female
4,4,40–55,male
4,4,40–55,male
4,4,40–55,male
4,4,40–55,male
4,4,25-40,female
4,4,40–55,male
4,4,70+,female
4,4,40–55,male
4,4,40–55,male
4,4,55–70,male
4,4,40–55,female
4,4,25-40,female
4,4,25-40,female
4,4,25-40,female
4,4,40–55,male
4,4,40–55,male
4,4,40–55,male
4,4,40–55,female
4,4,40–55,female
4,4,40–55,female
4,4,40–55,female
4,4,40–55,female
4,2,40–55,female
4,4,40–55,female
4,4,40–55,female
4,4,40–55,female
4,4,40–55,female
4,4,40–55,female
4,4,40–55,male
4,4,40–55,male
4,4,40–55,male
4,4,40–55,male
4,4,25-40,male
4,4,25-40,female
4,4,25-40,female
4,4,25-40,male
4,4,40–55,male
4,4,40–55,male
4,4,55–70,male
4,4,40–55,female
4,4,40–55,female
4,4,25-40,female
4,4,25-40,male
4,4,25-40,male
4,4,25-40,male
4,4,25-40,male
4,4,40–55,male
4,4,25-40,male
4,4,25-40,male
4,4,70+,male
4,4,25-40,female
4,4,25-40,female
4,4,40–55,male
4,4,40–55,male
4,4,40–55,male
4,4,40–55,male
4,4,40–55,male
4,4,40–55,male
4,4,40–55,male
4,4,40–55,male
4,4,40–55,male
4,4,55–70,male
4,4,40–55,female
4,4,25-40,female
4,4,25-40,male
4,4,55–70,male
4,4,40–55,male
4,4,40–55,male
4,4,40–55,female
4,4,40–55,female
4,4,25-40,male
4,4,25-40,male
4,4,25-40,male
4,4,25-40,male
4,4,25-40,male
4,4,40–55,female
4,4,0–25,male
4,4,0–25,male
4,4,0–25,male
4,4,40–55,female
4,4,55–70,male
4,4,40–55,female
4,4,40–55,female
4,4,40–55,female
4,4,40–55,female
4,4,40–55,female
4,4,25-40,male
4,4,40–55,male
4,4,40–55,female
4,4,25-40,female
4,4,55–70,male
4,4,40–55,female
4,4,55–70,male
2,4,40–55,male
4,4,40–55,male
4,4,40–55,male
4,4,25-40,female
4,4,25-40,female
4,4,40–55,male
4,4,25-40,female
4,4,40–55,female
4,4,25-40,female
4,4,25-40,female
4,4,0–25,male
4,4,0–25,male
4,4,0–25,male
4,4,0–25,male
4,4,0–25,male
4,4,0–25,male
4,4,25-40,male
4,4,55–70,female
4,4,55–70,female
4,4,40–55,female
4,4,55–70,female
4,4,55–70,female
4,4,25-40,female
4,4,25-40,female
4,4,55–70,male
4,4,40–55,female
4,4,40–55,female
4,4,40–55,female
4,4,25-40,male
4,4,25-40,male
4,4,25-40,male
4,4,40–55,male
4,4,40–55,male
4,4,40–55,female
4,4,25-40,female
4,4,25-40,female
4,4,40–55,female
4,4,40–55,male
4,4,40–55,male
4,4,40–55,male
4,4,55–70,female
4,4,55–70,female
4,4,40–55,male
4,4,40–55,female
4,4,40–55,female
4,4,40–55,female
4,4,40–55,female
4,4,40–55,female
4,4,55–70,female
4,4,55–70,female
4,4,55–70,female
4,4,55–70,female
4,4,55–70,male
4,4,55–70,male
4,4,25-40,female
4,4,25-40,female
4,4,55–70,female
4,4,40–55,male
4,4,40–55,male
4,4,70+,male
4,4,70+,male
4,4,55–70,female
4,4,40–55,male
4,4,55–70,female
4,4,55–70,female
4,4,40–55,female
4,4,70+,male
4,4,70+,male
4,4,70+,male
4,4,40–55,male
4,4,40–55,male
4,4,40–55,male
4,4,55–70,male
4,4,55–70,male
4,4,55–70,male
4,4,40–55,male
4,4,55–70,female
4,4,25-40,male
4,4,40–55,female
4,4,40–55,female
4,4,40–55,female
4,4,40–55,female
4,4,40–55,female
4,4,40–55,female
4,4,40–55,female
4,4,70+,male
4,4,55–70,male
4,4,55–70,male
4,4,55–70,male
4,4,40–55,female
4,4,40–55,female
4,4,40–55,female
4,4,55–70,male
4,4,25-40,male
4,4,25-40,male
4,4,25-40,male
4,4,25-40,male
4,4,25-40,male
4,4,25-40,male
4,4,40–55,male
4,4,25-40,female
4,4,25-40,female
4,4,40–55,male
4,4,40–55,male
4,4,55–70,male
4,4,70+,male
4,4,40–55,female
4,4,40–55,female
4,4,40–55,male
4,4,40–55,male
4,4,40–55,male
4,4,40–55,female
4,4,40–55,female
4,4,40–55,female
4,4,40–55,male
4,4,25-40,female
4,4,70+,female
4,4,70+,female
4,4,40–55,male
4,4,40–55,male
4,4,40–55,male
4,4,40–55,female
4,4,40–55,female
4,4,40–55,female
4,4,40–55,female
4,4,40–55,female
4,4,25-40,female
4,4,70+,female
4,4,70+,female
4,4,40–55,female
4,4,40–55,female
4,4,25-40,male
4,4,25-40,female
4,4,25-40,female
4,4,55–70,female
4,4,40–55,male
4,4,40–55,male
4,4,40–55,male
4,4,55–70,male
4,4,55–70,male
4,4,55–70,male
4,4,25-40,male
4,4,25-40,female
4,4,25-40,female
4,4,40–55,female
4,4,40–55,female
4,4,55–70,male
4,4,40–55,female
4,4,40–55,female
4,4,40–55,female
4,4,40–55,female
4,4,55–70,female
4,4,40–55,female
4,4,40–55,female
4,4,40–55,female
4,4,55–70,male
4,4,70+,female
4,4,70+,female
4,4,70+,female
4,4,25-40,female
4,4,25-40,female
4,4,25-40,female
4,4,25-40,female
4,4,40–55,female
4,4,40–55,male
4,4,40–55,female
4,4,40–55,male
4,4,40–55,male
4,4,40–55,female
4,4,25-40,male
4,4,25-40,male
4,4,25-40,male
4,4,40–55,male
4,4,40–55,male
4,4,40–55,female
4,4,40–55,female
4,4,55–70,female
4,4,25-40,female
4,4,25-40,female
4,4,40–55,female
4,4,40–55,female
4,4,40–55,female
4,4,40–55,female
4,4,55–70,female
4,4,25-40,female
4,4,55–70,male
4,4,40–55,male
4,4,40–55,male
4,4,40–55,male
4,4,40–55,male
4,4,40–55,female
4,4,55–70,male
4,4,25-40,male
4,4,55–70,male
4,4,55–70,male
4,4,55–70,male
4,4,40–55,female
4,4,70+,male
4,4,40–55,female
4,4,40–55,female
4,4,40–55,female
4,4,40–55,female
4,4,40–55,female
4,4,40–55,female
4,4,40–55,female
4,4,40–55,female
4,4,40–55,female
4,4,40–55,female
4,4,40–55,male
4,4,25-40,male
4,4,55–70,female
4,4,40–55,male
4,4,40–55,male
4,4,40–55,male
4,4,40–55,male
4,4,40–55,male
4,4,25-40,male
4,4,40–55,female
4,4,55–70,male
4,4,55–70,male
4,4,40–55,male
4,4,40–55,male
4,4,40–55,male
4,4,25-40,male
4,4,25-40,male
4,4,25-40,male
4,4,55–70,female
4,4,55–70,male
4,4,40–55,female
4,4,40–55,female
4,4,40–55,female
4,4,40–55,female
4,4,40–55,female
4,4,40–55,female
4,4,40–55,female
4,4,40–55,female
4,4,40–55,female
4,4,55–70,female
4,4,55–70,male
4,4,55–70,male
4,4,25-40,female
4,4,70+,female
4,4,25-40,male
4,4,25-40,male
4,4,25-40,male
4,4,25-40,male
4,4,25-40,male
4,4,25-40,male
4,4,40–55,male
4,4,40–55,male
4,4,25-40,female
4,4,40–55,male
4,4,40–55,male
4,4,40–55,female
4,4,25-40,male
4,4,40–55,female
4,4,25-40,male
4,4,40–55,female
4,4,25-40,male
4,4,0–25,female
4,4,0–25,female
4,4,25-40,female
4,4,55–70,female
4,4,55–70,male
4,4,55–70,male
4,4,55–70,female
4,4,55–70,female
4,4,40–55,female
4,4,40–55,female
4,4,40–55,female
4,4,40–55,female
4,4,40–55,female
4,4,40–55,female
4,4,55–70,female
4,4,55–70,female
4,4,55–70,male
4,4,55–70,male
4,4,55–70,male
4,4,55–70,male
4,4,55–70,male
4,4,55–70,male
4,4,55–70,male
4,4,25-40,male
4,4,25-40,female
4,4,25-40,female
4,4,40–55,female
4,4,40–55,female
4,4,40–55,male
4,4,40–55,male
4,4,40–55,female
4,4,40–55,male
4,4,40–55,male
4,4,55–70,female
4,4,40–55,female
4,4,40–55,female
4,4,25-40,male
4,4,25-40,male
4,4,25-40,male
4,4,25-40,male
4,4,40–55,female
4,4,40–55,male
4,4,40–55,female
4,4,40–55,female
4,4,40–55,female
4,4,25-40,female
4,4,55–70,male
4,4,25-40,female
4,4,40–55,male
4,4,40–55,female
4,4,40–55,female
4,4,25-40,male
4,4,25-40,male
4,4,25-40,male
4,4,25-40,male
4,4,40–55,female
4,4,55–70,male
4,4,25-40,female
4,4,25-40,female
4,4,40–55,female
4,4,40–55,female
4,4,40–55,female
4,4,40–55,male
4,4,40–55,male
4,4,25-40,male
4,4,70+,male
4,4,70+,male
4,4,70+,male
4,4,25-40,male
4,4,25-40,male
4,4,40–55,female
4,4,40–55,male
4,4,40–55,male
4,4,40–55,male
4,4,40–55,male
4,4,40–55,female
4,4,55–70,female
4,4,55–70,male
4,4,55–70,male
4,4,55–70,male
4,4,55–70,male
4,4,55–70,male
4,4,70+,male
4,4,55–70,male
4,4,55–70,male
4,4,25-40,male
4,4,25-40,male
4,4,25-40,male
4,4,25-40,male
4,4,25-40,female
4,4,25-40,female
4,4,25-40,female
4,4,40–55,male
4,4,55–70,male
4,4,55–70,male
4,4,55–70,male
4,4,40–55,male
4,4,55–70,male
4,4,25-40,male
4,4,40–55,female
4,4,40–55,female
4,4,40–55,female
4,4,55–70,male
4,4,40–55,male
4,4,40–55,male
4,4,40–55,female
4,4,40–55,male
4,4,40–55,male
4,4,40–55,male
4,4,40–55,male
4,4,40–55,female
4,4,40–55,female
4,4,40–55,female
4,4,40–55,female
4,4,40–55,male
4,4,40–55,male
4,4,40–55,male
4,4,40–55,male
4,4,25-40,male
4,4,25-40,male
4,4,40–55,male
4,4,40–55,male
4,4,40–55,male
4,4,40–55,male
4,4,70+,male
4,4,40–55,male
4,4,40–55,female
4,4,40–55,female
4,4,40–55,female
4,4,25-40,male
4,4,25-40,male
4,4,40–55,male
4,4,40–55,male
4,4,25-40,female
4,4,25-40,female
4,4,25-40,female
4,4,40–55,male
4,4,40–55,male
4,4,25-40,female
4,4,25-40,female
4,4,40–55,female
4,4,40–55,female
4,4,40–55,female
4,4,55–70,male
4,4,40–55,male
4,4,40–55,female
4,4,40–55,female
4,4,40–55,female
4,4,40–55,female
4,4,40–55,female
4,4,40–55,female
4,4,25-40,male
4,4,25-40,male
4,4,55–70,male
4,4,25-40,male
4,4,25-40,male
4,4,40–55,female
4,4,25-40,female
4,4,70+,male
4,4,40–55,female
4,4,55–70,female
4,4,40–55,female
4,4,40–55,female
4,4,25-40,male
4,4,40–55,male
4,4,25-40,male
4,4,25-40,female
4,4,40–55,female
4,4,40–55,female
4,4,25-40,female
4,4,25-40,female
4,4,40–55,male
4,4,40–55,male
4,4,40–55,male
4,4,55–70,male
4,4,55–70,male
4,4,55–70,male
4,4,40–55,female
4,4,40–55,female
4,4,25-40,female
4,4,25-40,female
4,4,40–55,female
4,4,40–55,female
4,4,70+,male
4,4,70+,male
4,4,70+,male
4,4,40–55,male
4,4,70+,male
4,4,70+,male
4,4,0–25,female
4,4,40–55,female
4,4,40–55,female
4,4,40–55,male
4,4,25-40,male
4,4,40–55,female
4,4,40–55,female
4,4,40–55,male
4,4,25-40,male
4,4,40–55,male
4,4,40–55,male
4,4,40–55,male
4,4,40–55,male
4,4,40–55,male
4,4,40–55,male
4,4,40–55,male
4,4,40–55,male
4,4,25-40,female
4,4,25-40,female
4,4,25-40,female
4,4,40–55,female
4,4,0–25,male
4,4,0–25,male
4,4,40–55,male
4,4,0–25,female
4,4,25-40,female
4,4,25-40,female
4,4,55–70,female
4,4,25-40,male
4,4,25-40,male
4,4,40–55,female
4,4,0–25,male
4,4,40–55,male
4,4,40–55,male
4,4,40–55,male
4,4,25-40,male
4,4,40–55,female
4,4,40–55,female
4,4,25-40,male
4,4,25-40,male
4,4,25-40,male
4,4,40–55,male
4,4,40–55,male
4,4,40–55,male
4,4,25-40,male
4,4,25-40,male
4,4,25-40,male
4,4,25-40,female
4,4,55–70,male
4,4,25-40,female
4,4,25-40,female
4,4,40–55,male
4,4,40–55,male
4,4,25-40,female
4,4,25-40,female
4,4,25-40,female
4,4,25-40,male
4,4,25-40,male
4,4,40–55,male
4,4,25-40,female
4,4,25-40,female
4,4,25-40,female
4,4,40–55,female
4,4,25-40,female
4,4,25-40,female
4,4,25-40,male
4,4,55–70,male
4,4,25-40,male
4,4,25-40,male
4,4,40–55,male
4,4,40–55,male
4,4,55–70,male
4,4,55–70,male
4,4,40–55,male
4,4,40–55,male
4,4,40–55,female
4,4,25-40,female
4,4,55–70,male
4,4,55–70,male
4,4,55–70,male
4,4,25-40,male
4,4,25-40,male
4,4,25-40,female
4,4,25-40,female
4,4,25-40,male
4,4,25-40,male
4,4,25-40,male
4,4,25-40,male
4,4,40–55,male
4,4,40–55,male
4,4,40–55,male
4,4,25-40,male
4,4,25-40,male
4,4,25-40,male
4,4,55–70,male
4,4,0–25,female
4,4,0–25,female
4,4,25-40,female
4,4,40–55,male
4,4,25-40,female
4,4,25-40,female
4,4,25-40,female
4,4,25-40,female
4,4,25-40,female
4,4,25-40,female
4,4,25-40,female
4,4,25-40,female
4,4,25-40,female
4,4,55–70,male
4,4,55–70,male
4,4,55–70,male
4,4,25-40,female
4,4,55–70,male
4,4,55–70,male
4,4,40–55,male
4,4,40–55,male
4,4,25-40,male
4,4,25-40,male
4,4,40–55,male
4,4,40–55,male
4,4,25-40,female
4,4,40–55,male
4,4,40–55,male
4,4,25-40,female
4,4,25-40,female
4,4,25-40,female
4,4,25-40,female
4,4,25-40,female
4,4,25-40,female
4,4,55–70,female
4,4,55–70,female
4,4,25-40,female
4,4,40–55,male
4,4,40–55,male
4,4,40–55,male
4,4,40–55,male
4,4,40–55,male
4,4,25-40,female
4,4,25-40,female
4,4,40–55,female
4,4,40–55,female
4,4,40–55,female
4,4,40–55,female
4,4,40–55,female
4,4,40–55,female
4,4,40–55,female
4,4,40–55,female
4,4,0–25,male
4,4,0–25,male
4,4,0–25,male
4,4,0–25,male
4,4,70+,female
4,4,70+,female
4,4,25-40,female
4,4,25-40,female
4,4,40–55,male
4,4,40–55,male
2,4,70+,female
4,4,70+,female
4,4,40–55,male
4,4,40–55,male
4,4,25-40,female
4,4,25-40,female
4,4,40–55,female
4,4,40–55,female
4,5,0–25,male
4,4,55–70,male
4,4,55–70,male
4,4,55–70,male
5,4,55–70,male
4,4,25-40,male
5,4,25-40,male
5,4,25-40,male
4,4,25-40,male
4,4,25-40,female
4,4,25-40,female
4,4,25-40,female
4,4,25-40,female
3,4,40–55,male
4,4,40–55,male
4,4,70+,male
4,4,25-40,female
5,4,25-40,female
4,4,25-40,female
1,4,25-40,female
4,4,25-40,male
4,4,25-40,male
4,4,70+,male
2,4,70+,male
6,4,0–25,male
4,4,40–55,male
4,4,40–55,male
4,4,25-40,female
4,4,25-40,female
4,4,55–70,male
4,4,55–70,male
4,4,55–70,male
4,4,55–70,male
4,4,25-40,male
4,4,25-40,male
4,4,55–70,female
4,4,55–70,female
5,4,40–55,male
5,4,40–55,male
4,4,40–55,male
5,4,40–55,male
4,4,40–55,male
5,4,40–55,male
4,4,40–55,male
4,4,40–55,male
4,4,55–70,male
4,4,55–70,male
4,4,70+,female
4,4,70+,female
4,4,0–25,female
4,4,0–25,female
4,4,55–70,female
4,4,55–70,female
4,4,0–25,female
4,4,0–25,female
4,4,25-40,female
4,4,25-40,female
4,4,40–55,male
4,4,40–55,male
4,4,40–55,male
4,4,25-40,male
4,4,25-40,male
4,4,55–70,male
5,4,55–70,female
4,4,40–55,male
5,4,40–55,male
4,4,40–55,male
4,4,40–55,male
4,4,40–55,male
4,4,25-40,female
4,4,25-40,female
4,4,25-40,female
4,4,40–55,male
4,4,40–55,male
4,4,40–55,male
4,4,55–70,male
5,4,55–70,male
4,4,55–70,male
5,4,40–55,female
4,4,40–55,female
4,4,55–70,female
4,4,0–25,male
4,4,40–55,female
4,4,40–55,female
4,4,55–70,male
4,4,55–70,male
5,4,25-40,female
4,4,0–25,female
4,4,25-40,female
4,4,25-40,female
4,4,25-40,female
4,4,25-40,female
4,4,25-40,male
4,4,25-40,male
4,4,40–55,female
4,4,40–55,female
4,4,55–70,female
4,4,55–70,female
4,4,70+,male
5,4,70+,male
4,4,40–55,female
4,4,40–55,female
4,4,40–55,female
1,4,25-40,male
1,4,25-40,male
4,4,25-40,male
4,4,55–70,male
4,4,55–70,male
4,4,55–70,male
4,4,25-40,male
4,4,25-40,male
4,4,25-40,male
4,4,25-40,male
4,4,25-40,male
4,4,25-40,male
4,4,40–55,female
4,4,40–55,female
4,4,40–55,female
4,4,25-40,female
4,4,25-40,female
4,4,25-40,female
4,4,0–25,male
4,4,0–25,male
4,4,0–25,male
4,4,25-40,male
4,4,25-40,male
4,4,25-40,male
5,4,55–70,male
5,4,55–70,male
5,4,55–70,male
4,4,40–55,female
4,4,40–55,female
4,4,40–55,female
4,4,25-40,female
4,4,25-40,female
4,4,25-40,female
4,4,25-40,female
4,4,25-40,female
4,4,25-40,female
5,4,25-40,female
5,4,25-40,female
5,4,25-40,female
4,4,40–55,male
4,4,40–55,male
4,4,40–55,male
4,4,25-40,male
4,4,0–25,female
4,4,0–25,female
4,4,0–25,female
4,4,25-40,male
4,4,25-40,male
4,4,25-40,male
4,4,25-40,male
2,4,25-40,male
4,4,25-40,male
4,4,25-40,female
1,4,25-40,female
4,4,25-40,female
4,4,25-40,female
4,4,25-40,female
5,4,25-40,female
4,4,25-40,male
5,4,25-40,male
4,4,25-40,male
4,4,25-40,male
4,4,25-40,male
4,4,25-40,male
6,4,25-40,female
6,4,25-40,female
4,4,0–25,female
4,4,0–25,female
4,4,25-40,male
4,4,25-40,male
4,4,25-40,male
2,4,25-40,male
4,4,25-40,female
4,4,25-40,female
4,4,25-40,female
4,4,40–55,female
4,4,40–55,female
4,4,40–55,female
4,4,25-40,female
4,4,25-40,female
4,4,25-40,male
4,4,25-40,male
4,4,40–55,male
4,4,40–55,male
4,4,0–25,female
4,4,0–25,female
4,4,40–55,male
4,4,40–55,male
4,4,40–55,male
4,4,0–25,female
4,4,0–25,female
4,4,0–25,female
4,4,40–55,male
4,4,40–55,male
4,4,40–55,male
4,4,25-40,female
4,4,25-40,female
4,4,25-40,female
4,4,25-40,female
4,4,40–55,male
4,4,40–55,male
4,4,40–55,male
4,4,25-40,male
4,4,25-40,male
4,4,25-40,male
5,4,40–55,male
5,4,40–55,male
5,4,40–55,male
4,4,40–55,male
4,4,40–55,male
4,4,40–55,male
4,4,0–25,female
4,4,40–55,female
4,4,40–55,female
4,4,40–55,female
4,4,40–55,female
4,4,40–55,female
4,4,40–55,female
4,4,55–70,male
4,4,55–70,male
4,4,55–70,male
4,4,55–70,male
4,4,0–25,male
5,4,0–25,male
4,4,0–25,male
4,4,40–55,male
4,4,40–55,male
4,4,40–55,male
4,4,40–55,male
4,4,40–55,male
4,4,40–55,male
4,4,55–70,male
4,4,55–70,male
4,4,40–55,female
4,4,40–55,female
4,4,0–25,female
4,4,0–25,female
4,4,0–25,female
4,4,0–25,female
4,4,25-40,female
4,4,25-40,female
4,4,25-40,female
4,4,25-40,female
4,4,25-40,female
4,4,25-40,female
4,4,25-40,female
4,4,25-40,female
4,4,70+,male
4,4,70+,male
4,4,40–55,female
4,4,40–55,female
4,4,55–70,female
5,4,55–70,female
4,4,55–70,female
4,4,70+,male
4,4,70+,male
4,4,40–55,male
4,4,25-40,male
4,4,25-40,male
4,4,25-40,female
5,4,25-40,female
4,4,55–70,female
4,4,55–70,male
4,4,0–25,male
4,4,0–25,male
4,4,0–25,male
4,4,0–25,male
4,4,40–55,female
4,4,40–55,female
4,4,40–55,female
4,4,25-40,female
4,4,25-40,female
4,4,0–25,male
4,4,25-40,female
4,4,25-40,female
4,4,0–25,female
4,4,0–25,female
4,4,25-40,male
4,4,25-40,male
4,4,70+,male
4,4,0–25,female
4,4,0–25,female
4,4,40–55,male
4,4,0–25,female
4,4,0–25,female
4,4,25-40,male
4,4,40–55,male
4,4,25-40,female
4,4,55–70,male
4,4,40–55,male
4,4,25-40,male
4,4,25-40,male
4,4,0–25,female
4,4,40–55,female
4,4,25-40,female
4,4,0–25,female
4,4,0–25,female
4,4,25-40,female
4,4,25-40,female
4,4,25-40,male
4,4,0–25,female
4,4,40–55,female
4,4,40–55,female
4,4,40–55,female
4,4,55–70,male
4,4,55–70,male
4,4,55–70,male
4,4,40–55,male
4,4,40–55,male
4,4,40–55,male
4,4,25-40,female
4,4,25-40,female
4,4,25-40,male
4,4,25-40,male
4,4,25-40,male
4,4,40–55,female
4,4,55–70,male
4,4,55–70,male
4,4,25-40,male
4,4,25-40,male
4,4,55–70,female
4,4,55–70,female
4,4,25-40,female
4,4,25-40,female
4,4,25-40,female
4,4,25-40,female
4,4,25-40,female
4,4,25-40,female
4,4,25-40,female
4,4,25-40,female
4,4,0–25,female
4,4,0–25,female
4,4,0–25,female
4,4,40–55,male
4,4,40–55,male
4,4,40–55,male
4,4,55–70,male
4,4,55–70,male
4,4,55–70,male
4,4,0–25,female
4,4,0–25,female
4,4,0–25,female
4,4,0–25,female
4,4,0–25,female
4,4,25-40,male
4,4,25-40,male
4,4,25-40,male
4,4,55–70,female
4,4,0–25,male
4,4,25-40,female
4,4,70+,male
4,4,40–55,male
4,4,55–70,female
4,4,25-40,female
4,4,40–55,male
5,4,55–70,male
4,4,70+,male
4,4,55–70,male
4,4,55–70,male
4,4,55–70,male
4,4,0–25,male
4,4,55–70,female
4,4,25-40,female
4,4,40–55,female
4,4,40–55,female
4,4,40–55,female
4,4,70+,male
4,4,70+,male
4,4,25-40,male
4,4,25-40,male
4,4,25-40,female
1,4,40–55,male
4,4,25-40,female
4,4,55–70,female
4,4,40–55,female
4,4,40–55,male
4,4,40–55,male
4,4,55–70,female
4,4,25-40,female
4,4,70+,male
4,4,40–55,male
4,4,55–70,male
4,4,55–70,female
4,4,55–70,female
4,4,55–70,female
4,4,70+,female
4,4,70+,female
5,4,55–70,male
4,4,25-40,female
4,4,55–70,male
4,4,25-40,female
4,4,40–55,female
4,4,25-40,female
4,4,55–70,male
4,4,40–55,male
4,4,55–70,female
4,4,55–70,male
4,4,40–55,male
4,4,40–55,female
4,4,40–55,male
4,4,55–70,male
4,4,55–70,male
5,4,40–55,female
4,4,0–25,female
4,4,25-40,male
4,4,70+,male
4,4,70+,male
4,4,40–55,male
2,4,40–55,male
4,4,40–55,male
4,4,40–55,female
4,4,55–70,male
4,4,55–70,male
4,4,0–25,female
4,4,40–55,female
4,4,40–55,female
4,4,40–55,female
4,4,40–55,female
4,4,40–55,male
4,4,55–70,female
4,4,25-40,female
4,4,25-40,female
4,4,25-40,female
4,4,25-40,female
4,4,25-40,female
4,4,25-40,female
4,4,70+,female
4,4,70+,female
4,4,70+,female
4,4,40–55,female
4,4,25-40,female
4,4,25-40,female
4,5,0–25,male
4,4,0–25,male
4,4,40–55,male
4,4,25-40,male
5,5,0–25,male
4,4,55–70,female
4,4,40–55,male
4,4,55–70,male
4,4,70+,female
4,4,70+,female
4,4,70+,female
4,4,0–25,male
4,4,25-40,male
4,4,0–25,male
4,4,0–25,male
1,4,25-40,male
1,4,25-40,male
4,4,25-40,male
4,4,25-40,male
4,4,25-40,male
4,4,25-40,male
4,4,40–55,male
2,4,25-40,female
4,4,25-40,male
0,4,55–70,female
4,4,55–70,female
4,4,55–70,female
4,4,55–70,male
4,4,25-40,male
5,4,40–55,male
5,4,40–55,male
4,4,70+,female
4,4,70+,female
2,4,70+,male
4,4,55–70,female
2,4,70+,male
5,4,55–70,male
4,4,55–70,female
4,4,0–25,female
4,4,0–25,female
4,4,55–70,male
4,4,55–70,male
4,4,40–55,female
4,4,40–55,female
4,4,55–70,male
4,4,55–70,male
4,4,55–70,male
4,4,55–70,male
5,4,25-40,female
4,4,40–55,female
4,4,40–55,female
4,4,40–55,female
4,4,40–55,female
4,4,0–25,female
4,4,0–25,female
4,4,0–25,female
4,4,40–55,male
4,4,40–55,male
1,4,70+,male
4,4,40–55,male
4,4,55–70,male
4,4,25-40,male
4,4,55–70,female
4,4,55–70,female
4,4,40–55,male
4,4,40–55,male
4,4,55–70,male
4,4,40–55,female
4,4,55–70,male
4,4,55–70,male
4,4,55–70,male
4,4,40–55,male
4,4,55–70,male
4,4,40–55,female
4,4,25-40,male
4,4,25-40,male
4,4,70+,female
4,4,70+,female
4,4,25-40,female
4,4,55–70,male
1,4,40–55,male
4,4,40–55,female
4,4,40–55,female
4,4,25-40,female
4,4,25-40,female
2,4,0–25,male
4,4,0–25,male
5,4,0–25,female
4,4,0–25,female
4,4,0–25,female
4,4,0–25,female
4,4,0–25,female
4,4,40–55,female
4,4,40–55,female
4,4,40–55,male
4,4,40–55,male
4,4,70+,female
4,4,70+,female
4,4,55–70,female
4,4,55–70,female
4,4,0–25,female
4,4,0–25,female
5,4,55–70,male
5,4,55–70,male
4,4,70+,female
4,4,70+,female
4,4,0–25,male
4,4,0–25,male
4,4,0–25,female
4,4,0–25,female
5,4,0–25,male
5,4,0–25,male
4,4,25-40,male
4,4,25-40,male
4,4,0–25,male
4,4,0–25,male
4,4,55–70,male
4,4,55–70,male
4,4,55–70,male
4,4,55–70,male
4,4,40–55,female
4,4,40–55,female
4,4,40–55,female
4,4,40–55,female
4,4,40–55,female
4,4,70+,male
4,4,70+,male
4,4,40–55,female
4,4,40–55,female
4,4,40–55,female
4,4,0–25,male
4,4,0–25,male
4,4,0–25,male
4,4,0–25,male
4,4,25-40,male
4,4,25-40,male
4,4,0–25,female
4,4,25-40,female
4,4,25-40,female
4,4,25-40,female
4,4,25-40,male
4,4,55–70,female
5,4,55–70,female
4,4,55–70,female
4,4,55–70,male
5,4,25-40,male
5,4,25-40,male
4,4,25-40,male
4,4,25-40,male
5,4,25-40,female
4,4,25-40,male
4,4,25-40,male
4,4,25-40,female
4,4,25-40,female
4,4,25-40,female
4,4,25-40,female
4,4,25-40,female
4,4,25-40,female
4,4,25-40,female
4,4,25-40,female
4,4,25-40,female
4,4,40–55,female
4,4,40–55,female
4,4,40–55,female
4,4,40–55,female
2,4,0–25,female
4,4,0–25,female
4,4,25-40,male
4,4,25-40,male
4,4,0–25,female
4,4,0–25,female
0,0,55–70,female
0,0,55–70,male
1,0,55–70,male
1,0,70+,male
1,0,70+,male
0,0,70+,female
0,0,55–70,male
0,0,70+,female
0,0,40–55,female
0,0,70+,male
0,0,55–70,female
5,0,55–70,male
4,0,70+,male
0,0,55–70,male
0,0,70+,male
0,0,70+,male
2,0,55–70,male
0,0,55–70,male
0,0,55–70,female
0,0,70+,male
0,0,70+,male
0,0,70+,male
1,0,70+,male
0,0,40–55,male
1,0,55–70,male
0,0,70+,female
0,0,70+,female
1,0,70+,female
1,0,70+,female
0,0,40–55,male
0,0,70+,male
1,0,55–70,male
0,0,70+,male
0,0,55–70,male
0,0,40–55,female
0,0,40–55,female
0,0,40–55,female
5,0,70+,male
1,0,70+,male
2,0,55–70,female
0,0,40–55,male
0,0,40–55,male
1,0,55–70,male
2,0,55–70,male
0,0,55–70,male
1,0,70+,male
0,0,40–55,male
0,0,40–55,male
0,0,55–70,male
4,0,70+,male
0,0,70+,male
0,0,70+,female
0,0,55–70,female
0,0,55–70,male
0,0,40–55,female
4,0,70+,male
4,0,40–55,female
1,0,55–70,male
2,0,55–70,male
2,0,55–70,male
0,0,55–70,female
2,0,40–55,female
0,0,55–70,male
0,0,25-40,male
4,0,25-40,male
0,0,25-40,male
